2026-03-30_16-53-33,0,draft.go:2026-03-30_16-53-33
2026-03-30_16-53-34,0,draft.go:2026-03-30_16-53-33
2026-03-30_17-07-17,0,draft.go:2026-03-30_17-07-17
2026-03-30_17-08-00,0,draft.go:2026-03-30_17-08-00
2026-03-30_17-08-29,0,draft.go:2026-03-30_17-08-00
2026-03-30_17-10-13,0,draft.go:2026-03-30_17-10-13
2026-03-30_17-10-31,0,draft.go:2026-03-30_17-10-31
2026-03-30_17-10-35,0,draft.go:2026-03-30_17-10-31
2026-03-30_17-11-18,0,draft.go:2026-03-30_17-11-18
2026-03-30_17-11-31,---,draft.go:2026-03-30_17-11-18
2026-03-30_17-14-53,0,draft.go:2026-03-30_17-14-53
2026-03-30_17-24-01,0,draft.go:2026-03-30_17-24-01
2026-03-30_17-24-46,0,draft.go:2026-03-30_17-24-46
2026-03-30_17-25-04,0,draft.go:2026-03-30_17-25-04
2026-03-30_17-25-47,100,draft.go:2026-03-30_17-25-47
2026-03-30_17-31-51,---,draft.go:2026-03-30_17-25-47
2026-04-06_16-47-47,100,draft.go:2026-03-30_17-25-47
2026-04-06_16-47-48,100,draft.go:2026-03-30_17-25-47
2026-04-06_16-47-48,100,draft.go:2026-03-30_17-25-47
2026-04-06_16-47-49,100,draft.go:2026-03-30_17-25-47
2026-04-06_16-47-49,100,draft.go:2026-03-30_17-25-47
2026-04-06_16-47-50,100,draft.go:2026-03-30_17-25-47
2026-04-06_16-47-50,100,draft.go:2026-03-30_17-25-47
2026-04-06_16-47-51,100,draft.go:2026-03-30_17-25-47
2026-04-06_16-48-03,100,draft.go:2026-03-30_17-25-47
2026-04-06_16-48-03,100,draft.go:2026-03-30_17-25-47
2026-04-06_16-50-41,100,draft.go:2026-03-30_17-25-47
