2026-05-19_16-46-16,0,draft.go:2026-05-19_16-46-16
2026-05-19_16-53-01,0,draft.go:2026-05-19_16-53-01
2026-05-19_16-53-49,0,draft.go:2026-05-19_16-53-49
2026-05-19_16-55-38,0,draft.go:2026-05-19_16-55-38
2026-05-19_16-56-29,0,draft.go:2026-05-19_16-56-29
2026-05-19_16-56-43,---,draft.go:2026-05-19_16-56-29
2026-05-19_16-57-55,0,draft.go:2026-05-19_16-57-55
2026-05-19_16-58-37,0,draft.go:2026-05-19_16-57-55
2026-05-19_16-59-19,---,draft.go:2026-05-19_16-57-55
2026-05-19_17-01-38,---,draft.go:2026-05-19_16-57-55
2026-05-19_17-02-59,0,draft.go:2026-05-19_16-57-55
2026-05-19_17-04-34,0,draft.go:2026-05-19_17-04-34
2026-05-19_17-04-56,62,draft.go:2026-05-19_17-04-56
2026-05-19_17-07-59,100,draft.go:2026-05-19_17-07-59
