2026-03-10_18-18-12,0,draft.go:2026-03-10_18-18-12
2026-03-17_16-55-22,0,draft.go:2026-03-10_18-18-12
2026-03-17_16-55-22,0,draft.go:2026-03-10_18-18-12
2026-03-17_16-56-55,---,draft.go:2026-03-10_18-18-12
2026-03-17_16-57-55,---,draft.go:2026-03-10_18-18-12
2026-03-17_16-59-00,---,draft.go:2026-03-10_18-18-12
2026-03-17_17-01-35,---,draft.go:2026-03-10_18-18-12
2026-03-17_17-02-14,---,draft.go:2026-03-10_18-18-12
2026-03-17_17-05-51,---,draft.go:2026-03-10_18-18-12
2026-03-17_17-17-39,0,draft.go:2026-03-10_18-18-12
2026-03-17_17-17-44,---,draft.go:2026-03-10_18-18-12
2026-03-17_17-18-19,---,draft.go:2026-03-10_18-18-12
2026-03-17_17-18-43,0,draft.go:2026-03-10_18-18-12
2026-03-17_17-18-48,0,draft.go:2026-03-10_18-18-12
2026-03-17_17-19-34,0,draft.go:2026-03-10_18-18-12
2026-03-17_17-19-51,0,draft.go:2026-03-10_18-18-12
2026-03-17_17-19-53,0,draft.go:2026-03-10_18-18-12
2026-03-17_17-19-53,0,draft.go:2026-03-10_18-18-12
2026-03-17_17-20-40,0,draft.go:2026-03-10_18-18-12
2026-03-17_17-20-59,0,draft.go:2026-03-10_18-18-12
2026-03-17_17-21-01,0,draft.go:2026-03-10_18-18-12
2026-03-17_17-21-01,0,draft.go:2026-03-10_18-18-12
2026-03-17_17-21-01,0,draft.go:2026-03-10_18-18-12
2026-03-17_17-21-02,0,draft.go:2026-03-10_18-18-12
2026-03-17_17-23-12,0,draft.go:2026-03-10_18-18-12
2026-03-17_18-12-50,0,draft.go:2026-03-17_18-12-50
2026-03-17_18-12-51,0,draft.go:2026-03-17_18-12-50
2026-03-23_16-55-50,0,draft.go:2026-03-17_18-12-50
2026-03-23_17-02-34,0,draft.go:2026-03-23_17-02-34
2026-03-23_17-03-10,0,draft.go:2026-03-23_17-03-10
2026-03-23_17-04-21,0,draft.go:2026-03-23_17-04-21
2026-03-23_17-04-34,0,draft.go:2026-03-23_17-04-34
2026-03-23_17-05-03,100,draft.go:2026-03-23_17-05-03
2026-03-23_17-07-27,100,draft.go:2026-03-23_17-05-03
2026-03-23_17-07-27,100,draft.go:2026-03-23_17-05-03
