2026-03-30_17-33-53,0,draft.go:2026-03-30_17-33-53
2026-03-30_17-33-53,0,draft.go:2026-03-30_17-33-53
2026-03-30_17-42-34,14,draft.go:2026-03-30_17-42-34
2026-03-30_17-42-56,0,draft.go:2026-03-30_17-42-56
2026-03-30_17-43-20,14,draft.go:2026-03-30_17-43-20
2026-03-30_17-47-14,14,draft.go:2026-03-30_17-47-14
2026-03-30_17-51-33,0,draft.go:2026-03-30_17-51-33
2026-03-30_17-53-07,---,draft.go:2026-03-30_17-53-07
2026-03-30_17-54-28,14,draft.go:2026-03-30_17-53-07
2026-03-30_17-55-55,100,draft.go:2026-03-30_17-55-55
2026-03-30_17-57-18,---,draft.go:2026-03-30_17-55-55
2026-03-30_17-57-40,100,draft.go:2026-03-30_17-55-55
