2026-04-06_16-49-24,0,draft.go:2026-04-06_16-49-24
2026-04-06_16-51-28,0,draft.go:2026-04-06_16-49-24
2026-04-06_17-35-08,0,draft.go:2026-04-06_17-35-08
2026-04-06_17-36-37,0,draft.go:2026-04-06_17-36-37
2026-04-06_17-38-06,0,draft.go:2026-04-06_17-38-06
2026-04-06_17-40-27,0,draft.go:2026-04-06_17-40-27
2026-04-06_17-40-42,0,draft.go:2026-04-06_17-40-42
2026-04-06_17-41-43,0,draft.go:2026-04-06_17-41-43
2026-04-07_17-27-55,0,draft.go:2026-04-07_17-27-55
2026-04-07_17-27-56,0,draft.go:2026-04-07_17-27-55
2026-04-07_17-36-43,0,draft.go:2026-04-07_17-36-43
2026-04-07_17-39-09,0,draft.go:2026-04-07_17-39-09
2026-04-07_17-44-16,0,draft.go:2026-04-07_17-44-16
2026-04-07_17-48-25,100,draft.go:2026-04-07_17-48-25
2026-04-07_17-48-43,100,draft.go:2026-04-07_17-48-25
2026-04-07_17-48-46,---,draft.go:2026-04-07_17-48-25
2026-04-07_17-49-49,100,draft.go:2026-04-07_17-48-25
