2026-05-11_18-06-33,0,draft.go:2026-05-11_18-06-33
2026-05-12_10-35-27,0,draft.go:2026-05-12_10-35-27
2026-05-12_10-52-42,0,draft.go:2026-05-12_10-52-42
2026-05-12_10-53-19,0,draft.go:2026-05-12_10-53-19
2026-05-12_10-53-39,0,draft.go:2026-05-12_10-53-39
2026-05-12_10-55-10,0,draft.go:2026-05-12_10-55-10
2026-05-12_10-56-50,0,draft.go:2026-05-12_10-56-50
2026-05-12_10-58-33,14,draft.go:2026-05-12_10-58-33
2026-05-12_11-14-17,0,draft.go:2026-05-12_11-14-17
2026-05-12_11-15-03,0,draft.go:2026-05-12_11-15-03
2026-05-12_11-15-45,0,draft.go:2026-05-12_11-15-03
2026-05-12_11-19-31,0,draft.go:2026-05-12_11-19-31
2026-05-12_11-24-08,---,draft.go:2026-05-12_11-19-31
2026-05-12_11-29-16,0,draft.go:2026-05-12_11-29-16
2026-05-12_11-34-01,0,draft.go:2026-05-12_11-34-01
2026-05-12_11-34-26,14,draft.go:2026-05-12_11-34-26
2026-05-12_11-35-17,---,draft.go:2026-05-12_11-34-26
2026-05-12_17-56-30,14,draft.go:2026-05-12_11-34-26
2026-05-12_17-59-23,0,draft.go:2026-05-12_17-59-23
2026-05-12_17-59-50,0,draft.go:2026-05-12_17-59-50
2026-05-12_18-00-17,0,draft.go:2026-05-12_18-00-17
2026-05-12_18-02-54,0,draft.go:2026-05-12_18-02-54
2026-05-12_18-03-21,0,draft.go:2026-05-12_18-02-54
2026-05-12_18-09-03,0,draft.go:2026-05-12_18-09-03
2026-05-12_18-11-04,0,draft.go:2026-05-12_18-11-04
2026-05-12_18-11-59,0,draft.go:2026-05-12_18-11-59
2026-05-12_18-12-01,0,draft.go:2026-05-12_18-11-59
2026-05-12_18-14-14,0,draft.go:2026-05-12_18-14-14
2026-05-12_18-15-03,0,draft.go:2026-05-12_18-15-03
2026-05-12_18-18-50,0,draft.go:2026-05-12_18-18-50
2026-05-12_18-19-06,0,draft.go:2026-05-12_18-19-06
2026-05-12_18-24-13,0,draft.go:2026-05-12_18-24-13
2026-05-19_16-26-43,0,draft.go:2026-05-12_18-24-13
2026-05-19_16-39-54,---,draft.go:2026-05-12_18-24-13
2026-06-16_16-26-19,0,draft.go:2026-05-12_18-24-13
2026-06-16_16-26-19,0,draft.go:2026-05-12_18-24-13
2026-06-16_16-36-07,0,draft.go:2026-05-12_18-24-13
2026-06-16_17-47-21,0,draft.go:2026-06-16_17-47-21
2026-06-16_17-47-21,0,draft.go:2026-06-16_17-47-21
2026-06-16_17-47-21,0,draft.go:2026-06-16_17-47-21
2026-06-16_17-57-22,0,draft.go:2026-06-16_17-47-21
2026-06-23_17-36-55,0,draft.go:2026-06-23_17-36-55
2026-06-23_17-36-55,0,draft.go:2026-06-23_17-36-55
2026-06-23_17-38-12,0,draft.go:2026-06-23_17-38-12
2026-06-23_17-47-01,0,draft.go:2026-06-23_17-47-01
2026-06-23_17-50-50,0,draft.go:2026-06-23_17-50-50
2026-06-23_17-50-59,0,draft.go:2026-06-23_17-50-59
2026-06-23_17-51-20,0,draft.go:2026-06-23_17-51-20
2026-06-23_17-51-37,100,draft.go:2026-06-23_17-51-37
2026-06-25_12-39-58,100,draft.go:2026-06-23_17-51-37
