2026-04-30_11-53-16,0,draft.go:2026-04-30_11-53-16
2026-04-30_12-24-39,0,draft.go:2026-04-30_12-24-39
2026-04-30_12-30-51,14,draft.go:2026-04-30_12-30-51
2026-04-30_12-38-41,---,draft.go:2026-04-30_12-30-51
2026-04-30_12-43-48,28,draft.go:2026-04-30_12-43-48
2026-04-30_12-45-41,28,draft.go:2026-04-30_12-45-41
2026-04-30_12-46-18,71,draft.go:2026-04-30_12-46-18
2026-04-30_12-47-04,71,draft.go:2026-04-30_12-47-04
2026-04-30_12-55-18,0,draft.go:2026-04-30_12-55-18
2026-04-30_12-57-52,100,draft.go:2026-04-30_12-57-52
