2026-04-07_17-52-09,0,draft.go:2026-04-07_17-52-09
2026-04-07_17-57-13,0,draft.go:2026-04-07_17-57-13
2026-04-07_17-58-08,33,draft.go:2026-04-07_17-58-08
2026-04-07_17-58-39,0,draft.go:2026-04-07_17-58-39
2026-04-07_18-00-46,0,draft.go:2026-04-07_18-00-46
2026-04-07_18-00-48,0,draft.go:2026-04-07_18-00-46
2026-04-07_18-03-12,0,draft.go:2026-04-07_18-03-12
2026-04-07_18-04-42,0,draft.go:2026-04-07_18-04-42
2026-04-07_18-06-04,0,draft.go:2026-04-07_18-06-04
2026-04-07_18-06-34,100,draft.go:2026-04-07_18-06-34
2026-04-07_18-13-06,100,draft.go:2026-04-07_18-06-34
2026-04-28_10-53-44,100,draft.go:2026-04-07_18-06-34
2026-04-28_10-53-45,100,draft.go:2026-04-07_18-06-34
