2026-04-07_16-58-59,0,draft.go:2026-04-07_16-58-59
2026-04-07_16-58-59,0,draft.go:2026-04-07_16-58-59
2026-04-07_17-18-56,25,draft.go:2026-04-07_17-18-56
2026-04-07_17-23-01,50,draft.go:2026-04-07_17-23-01
2026-04-07_17-23-25,87,draft.go:2026-04-07_17-23-25
2026-04-07_17-25-23,100,draft.go:2026-04-07_17-25-23
2026-04-27_16-50-09,100,draft.go:2026-04-07_17-25-23
2026-04-27_16-50-10,100,draft.go:2026-04-07_17-25-23
2026-04-28_12-39-54,100,draft.go:2026-04-07_17-25-23
2026-04-28_12-39-54,100,draft.go:2026-04-07_17-25-23
