2026-03-23_17-30-40,0,draft.go:2026-03-23_17-30-40
2026-03-24_16-41-40,0,draft.go:2026-03-24_16-41-40
2026-03-24_16-41-43,0,draft.go:2026-03-24_16-41-40
2026-03-24_16-41-47,0,draft.go:2026-03-24_16-41-40
2026-03-24_16-41-48,0,draft.go:2026-03-24_16-41-40
2026-03-24_16-41-48,0,draft.go:2026-03-24_16-41-40
2026-03-24_16-41-48,0,draft.go:2026-03-24_16-41-40
2026-03-24_16-41-49,0,draft.go:2026-03-24_16-41-40
2026-03-24_16-41-49,0,draft.go:2026-03-24_16-41-40
2026-03-24_16-42-16,0,draft.go:2026-03-24_16-41-40
2026-03-24_16-42-17,0,draft.go:2026-03-24_16-41-40
2026-03-24_16-42-18,0,draft.go:2026-03-24_16-41-40
2026-03-24_16-42-18,0,draft.go:2026-03-24_16-41-40
2026-03-24_16-42-18,0,draft.go:2026-03-24_16-41-40
2026-03-24_16-42-18,0,draft.go:2026-03-24_16-41-40
2026-03-24_16-42-18,0,draft.go:2026-03-24_16-41-40
2026-03-24_16-42-18,0,draft.go:2026-03-24_16-41-40
2026-03-24_16-42-34,---,draft.go:2026-03-24_16-41-40
2026-03-24_16-42-56,---,draft.go:2026-03-24_16-41-40
2026-03-24_16-44-38,0,draft.go:2026-03-24_16-41-40
2026-03-24_16-44-38,0,draft.go:2026-03-24_16-41-40
2026-03-24_16-44-39,0,draft.go:2026-03-24_16-41-40
2026-03-24_16-44-39,0,draft.go:2026-03-24_16-41-40
2026-03-24_16-44-42,0,draft.go:2026-03-24_16-41-40
2026-03-24_16-44-45,0,draft.go:2026-03-24_16-41-40
2026-03-24_16-44-54,0,draft.go:2026-03-24_16-41-40
2026-03-24_16-46-09,---,draft.go:2026-03-24_16-41-40
2026-03-24_16-54-24,---,draft.go:2026-03-24_16-41-40
2026-03-24_16-54-36,0,draft.go:2026-03-24_16-41-40
2026-03-24_16-55-03,0,draft.go:2026-03-24_16-41-40
2026-03-24_16-55-08,0,draft.go:2026-03-24_16-41-40
2026-03-24_16-55-09,0,draft.go:2026-03-24_16-41-40
2026-03-24_16-55-11,0,draft.go:2026-03-24_16-41-40
2026-03-24_16-55-12,0,draft.go:2026-03-24_16-41-40
2026-03-24_16-55-15,0,draft.go:2026-03-24_16-41-40
2026-03-24_16-55-16,---,draft.go:2026-03-24_16-41-40
2026-03-24_16-55-47,---,draft.go:2026-03-24_16-41-40
2026-03-24_16-55-53,0,draft.go:2026-03-24_16-41-40
2026-03-24_16-55-59,0,draft.go:2026-03-24_16-41-40
2026-03-24_16-55-59,0,draft.go:2026-03-24_16-41-40
2026-03-24_16-55-59,0,draft.go:2026-03-24_16-41-40
2026-03-24_16-57-05,0,draft.go:2026-03-24_16-41-40
2026-03-24_16-57-06,0,draft.go:2026-03-24_16-41-40
2026-03-24_16-57-06,0,draft.go:2026-03-24_16-41-40
2026-03-24_16-57-07,0,draft.go:2026-03-24_16-41-40
2026-03-24_16-57-08,0,draft.go:2026-03-24_16-41-40
2026-03-24_16-57-12,---,draft.go:2026-03-24_16-41-40
2026-03-24_16-57-47,0,draft.go:2026-03-24_16-41-40
2026-03-24_16-57-52,0,draft.go:2026-03-24_16-41-40
2026-03-24_16-57-53,0,draft.go:2026-03-24_16-41-40
2026-03-24_16-57-54,0,draft.go:2026-03-24_16-41-40
2026-03-24_16-57-55,---,draft.go:2026-03-24_16-41-40
2026-03-24_17-00-21,0,draft.go:2026-03-24_16-41-40
2026-03-24_17-00-23,0,draft.go:2026-03-24_16-41-40
2026-03-24_17-00-25,---,draft.go:2026-03-24_16-41-40
2026-03-24_17-02-28,0,draft.go:2026-03-24_17-02-28
2026-03-24_17-03-14,0,draft.go:2026-03-24_17-03-14
2026-03-24_17-05-41,0,draft.go:2026-03-24_17-05-41
2026-03-24_17-07-04,0,draft.go:2026-03-24_17-07-04
2026-03-24_17-07-21,0,draft.go:2026-03-24_17-07-21
2026-03-24_17-07-35,14,draft.go:2026-03-24_17-07-35
2026-03-24_17-08-07,14,draft.go:2026-03-24_17-07-35
2026-03-24_17-09-14,14,draft.go:2026-03-24_17-09-14
2026-03-24_17-09-51,14,draft.go:2026-03-24_17-09-51
2026-03-24_17-10-14,14,draft.go:2026-03-24_17-09-51
2026-03-24_17-10-37,14,draft.go:2026-03-24_17-09-51
2026-03-24_17-11-50,14,draft.go:2026-03-24_17-09-51
2026-03-24_17-13-25,14,draft.go:2026-03-24_17-13-25
2026-03-24_17-15-55,14,draft.go:2026-03-24_17-15-55
2026-03-24_17-16-53,14,draft.go:2026-03-24_17-15-55
2026-03-24_17-18-26,14,draft.go:2026-03-24_17-18-26
2026-03-24_17-19-56,14,draft.go:2026-03-24_17-18-26
2026-03-24_17-19-57,14,draft.go:2026-03-24_17-18-26
2026-03-24_17-23-18,0,draft.go:2026-03-24_17-23-18
2026-03-24_17-24-50,0,draft.go:2026-03-24_17-24-50
2026-03-24_17-25-45,0,draft.go:2026-03-24_17-25-45
2026-03-24_17-26-29,100,draft.go:2026-03-24_17-26-29
2026-03-24_17-29-49,100,draft.go:2026-03-24_17-26-29
