2026-03-17_17-13-08,0,draft.go:2026-03-17_17-13-08
2026-03-17_17-13-09,0,draft.go:2026-03-17_17-13-08
2026-03-17_17-13-24,---,draft.go:2026-03-17_17-13-08
2026-03-17_17-15-03,---,draft.go:2026-03-17_17-13-08
2026-03-17_17-16-01,---,draft.go:2026-03-17_17-13-08
2026-03-17_17-17-12,---,draft.go:2026-03-17_17-17-12
2026-03-23_16-54-41,0,draft.go:2026-03-17_17-17-12
2026-03-23_16-54-41,0,draft.go:2026-03-17_17-17-12
2026-03-23_16-54-41,0,draft.go:2026-03-17_17-17-12
2026-03-23_16-54-52,0,draft.go:2026-03-17_17-17-12
2026-03-23_16-55-11,0,draft.go:2026-03-17_17-17-12
2026-03-23_16-55-12,0,draft.go:2026-03-17_17-17-12
2026-03-23_17-59-32,0,draft.go:2026-03-17_17-17-12
2026-03-23_17-59-32,0,draft.go:2026-03-17_17-17-12
