2026-05-04_11-07-55,0,draft.go:2026-05-04_11-07-55
2026-05-04_11-07-56,0,draft.go:2026-05-04_11-07-55
2026-05-04_11-17-58,0,draft.go:2026-05-04_11-17-58
2026-05-04_11-20-27,25,draft.go:2026-05-04_11-20-27
2026-05-04_11-20-51,25,draft.go:2026-05-04_11-20-27
2026-05-04_11-21-36,25,draft.go:2026-05-04_11-20-27
2026-05-04_11-21-44,---,draft.go:2026-05-04_11-20-27
2026-05-04_11-29-02,50,draft.go:2026-05-04_11-29-02
2026-05-04_11-30-19,---,draft.go:2026-05-04_11-29-02
2026-05-04_11-32-20,100,draft.go:2026-05-04_11-32-20
