2026-04-14_17-30-17,0,draft.go:2026-04-14_17-30-17
2026-04-14_17-33-29,0,draft.go:2026-04-14_17-30-17
2026-04-14_17-33-36,0,draft.go:2026-04-14_17-30-17
2026-04-14_17-40-50,0,draft.go:2026-04-14_17-40-50
2026-04-14_17-53-51,0,draft.go:2026-04-14_17-53-51
2026-04-14_18-03-09,0,draft.go:2026-04-14_18-03-09
2026-04-14_18-08-11,0,draft.go:2026-04-14_18-03-09
2026-04-14_18-11-59,0,draft.go:2026-04-14_18-11-59
2026-04-14_18-12-13,0,draft.go:2026-04-14_18-11-59
2026-04-14_18-13-40,75,draft.go:2026-04-14_18-13-40
2026-04-14_18-15-45,100,draft.go:2026-04-14_18-15-45
2026-04-14_18-17-32,0,draft.go:2026-04-14_18-17-32
2026-04-14_18-17-41,100,draft.go:2026-04-14_18-17-41
2026-04-27_16-56-21,100,draft.go:2026-04-14_18-17-41
2026-04-27_16-56-22,100,draft.go:2026-04-14_18-17-41
2026-04-28_11-23-04,100,draft.go:2026-04-14_18-17-41
2026-04-30_11-34-01,100,draft.go:2026-04-14_18-17-41
