2026-05-04_17-51-33,0,draft.go:2026-05-04_17-51-33
2026-05-04_18-00-41,0,draft.go:2026-05-04_17-51-33
2026-05-05_16-39-32,0,draft.go:2026-05-05_16-39-32
2026-05-05_16-53-37,0,draft.go:2026-05-05_16-53-37
2026-05-05_16-53-47,0,draft.go:2026-05-05_16-53-47
2026-05-05_16-55-22,0,draft.go:2026-05-05_16-55-22
2026-05-05_16-55-54,0,draft.go:2026-05-05_16-55-54
2026-05-05_16-56-07,0,draft.go:2026-05-05_16-56-07
2026-05-05_16-56-54,0,draft.go:2026-05-05_16-56-54
2026-05-05_16-57-13,0,draft.go:2026-05-05_16-57-13
2026-05-05_16-58-13,0,draft.go:2026-05-05_16-58-13
2026-05-05_16-58-32,---,draft.go:2026-05-05_16-58-13
2026-05-05_17-06-37,0,draft.go:2026-05-05_17-06-37
2026-05-05_17-07-01,0,draft.go:2026-05-05_17-07-01
2026-05-05_17-09-47,100,draft.go:2026-05-05_17-09-47
2026-05-05_17-21-15,100,draft.go:2026-05-05_17-09-47
