2026-04-27_16-47-21,0,draft.go:2026-04-27_16-47-21
2026-04-27_16-47-22,0,draft.go:2026-04-27_16-47-21
2026-04-28_10-53-54,0,draft.go:2026-04-28_10-53-54
2026-04-28_10-53-55,0,draft.go:2026-04-28_10-53-54
2026-04-28_11-15-32,0,draft.go:2026-04-28_11-15-32
2026-04-28_11-17-38,0,draft.go:2026-04-28_11-17-38
2026-04-28_11-18-46,0,draft.go:2026-04-28_11-18-46
2026-04-28_11-19-35,0,draft.go:2026-04-28_11-19-35
2026-04-28_11-20-29,0,draft.go:2026-04-28_11-20-29
2026-04-28_11-20-47,100,draft.go:2026-04-28_11-20-47
2026-04-28_16-14-23,100,draft.go:2026-04-28_11-20-47
2026-04-30_11-03-06,100,draft.go:2026-04-28_11-20-47
