2026-03-10_18-05-03,0,draft.go:2026-03-10_18-05-03
2026-03-10_18-13-42,100,draft.go:2026-03-10_18-13-42
2026-03-10_18-13-42,100,draft.go:2026-03-10_18-13-42
2026-03-10_18-13-47,100,draft.go:2026-03-10_18-13-47
2026-03-10_18-13-53,---,draft.go:2026-03-10_18-13-47
2026-03-10_18-25-57,100,draft.go:2026-03-10_18-13-47
2026-03-10_18-25-57,100,draft.go:2026-03-10_18-13-47
2026-03-10_18-26-08,100,draft.go:2026-03-10_18-13-47
2026-03-10_18-26-09,100,draft.go:2026-03-10_18-13-47
2026-03-10_18-26-21,100,draft.go:2026-03-10_18-13-47
2026-03-10_18-26-22,100,draft.go:2026-03-10_18-13-47
2026-03-10_18-26-38,100,draft.go:2026-03-10_18-13-47
2026-03-17_12-17-25,100,draft.go:2026-03-10_18-13-47
2026-03-17_12-17-25,100,draft.go:2026-03-10_18-13-47
2026-03-17_12-17-25,100,draft.go:2026-03-10_18-13-47
2026-03-17_16-46-31,100,draft.go:2026-03-10_18-13-47
2026-03-17_16-46-31,100,draft.go:2026-03-10_18-13-47
2026-03-17_16-54-08,100,draft.go:2026-03-10_18-13-47
2026-03-17_16-54-09,100,draft.go:2026-03-10_18-13-47
2026-03-17_16-54-09,100,draft.go:2026-03-10_18-13-47
2026-03-17_16-54-10,100,draft.go:2026-03-10_18-13-47
2026-03-17_16-54-16,---,draft.go:2026-03-10_18-13-47
2026-03-17_16-55-13,100,draft.go:2026-03-10_18-13-47
2026-03-23_16-55-24,100,draft.go:2026-03-10_18-13-47
2026-03-23_16-55-25,100,draft.go:2026-03-10_18-13-47
2026-03-23_17-09-39,100,draft.go:2026-03-10_18-13-47
